id,outlet,url,published_at,title,lead,rubric,language,country
342e1b327fed,vedomosti,https://www.vedomosti.ru/technology/news/2026/03/27/1186002-gospodderzhku-sotssetei,2026-03-27 10:54:24,Совбез предложил обеспечить господдержку выхода соцсетей РФ за рубеж,,Технологии / Интернет и digital,ru,RU
b46a39198802,vedomosti,https://www.vedomosti.ru/technology/news/2026/03/27/1186004-pervii-polet-novogo,2026-03-27 11:04:07,Первый полет нового пилотируемого корабля назначен на 2028 год,,Технологии / Наукоемкие технологии,ru,RU
ba9e5ac145ff,vedomosti,https://www.vedomosti.ru/politics/news/2026/03/27/1186006-ataki-ukraini,2026-03-27 11:04:56,Россия и Турция обсудили атаки Украины в Черном море,,Политика / Международные отношения,ru,RU
9c67c45607a2,vedomosti,https://www.vedomosti.ru/business/news/2026/03/27/1186005-elektrosamokati-yandeksa,2026-03-27 11:06:55,Электросамокаты «Яндекса» начали собирать на заводе «Москвич»,,Бизнес / Транспорт,ru,RU
8bab47c8311e,vedomosti,https://www.vedomosti.ru/business/news/2026/03/27/1186012-zaimutsya-modernizatsiei,2026-03-27 11:21:47,«Единая Россия» и РЖД займутся модернизацией вокзалов в регионах,,Бизнес / Транспорт,ru,RU
3d59538d19d4,vedomosti,https://www.vedomosti.ru/politics/news/2026/03/27/1186015-ssha-vipustili,2026-03-27 11:30:01,США выпустили более 850 ракет Tomahawk за четыре недели войны с Ираном,,Политика / Международные новости,ru,RU
75c1ece45303,vedomosti,https://www.vedomosti.ru/politics/news/2026/03/27/1186016-zaharova-uchastvovavshie,2026-03-27 11:32:44,Захарова: участвовавшие в пытках над солдатами РФ будут наказаны,,Политика / Международные отношения,ru,RU
6f68f8f1ccde,vedomosti,https://www.vedomosti.ru/politics/news/2026/03/27/1186020-putin-otkril-teatr,2026-03-27 11:41:49,Путин открыл обновленный Азербайджанский театр в Дербенте,,Политика / Власть,ru,RU
452ee5f46713,vedomosti,https://www.vedomosti.ru/politics/news/2026/03/27/1186017-medvedev-predupredil,2026-03-27 11:44:23,Медведев предупредил США о последствиях как во Вьетнаме при вторжении в Иран,,Политика / Международные новости,ru,RU
f2756dbdf9a6,vedomosti,https://www.vedomosti.ru/politics/news/2026/03/27/1186019-premer-ministr-mongolii,2026-03-27 11:48:37,Премьер-министр Монголии подал в отставку,,Политика / Международные новости,ru,RU
e98f9fb652b9,vedomosti,https://www.vedomosti.ru/politics/news/2026/03/27/1186022-nazval-prochnoi,2026-03-27 11:56:09,Путин назвал прочной основу отношений России и Азербайджана,,Политика / Международные отношения,ru,RU
fb1d6d2eefaa,vedomosti,https://www.vedomosti.ru/politics/news/2026/03/27/1186021-delyagin-vizit-rossiiskih,2026-03-27 12:00:11,Делягин: визит российских депутатов в США готовился в закрытом режиме,,Политика / Международные отношения,ru,RU
9384e97a2d2d,vedomosti,https://www.vedomosti.ru/politics/news/2026/03/27/1186025-nuzhna-li-mobilizatsiya,2026-03-27 12:12:19,"Медведев рассказал, нужна ли новая мобилизация",,Политика,ru,RU
05ab22557081,vedomosti,https://www.vedomosti.ru/politics/news/2026/03/27/1186028-noski-s-trampom,2026-03-27 12:14:38,Конгрессмены США подарили делегации РФ носки с Трампом,,Политика / Международные отношения,ru,RU
cf5a592e7d4c,vedomosti,https://www.vedomosti.ru/politics/news/2026/03/27/1186042-moskva-ne-otkazivalas,2026-03-27 12:36:09,Путин: Москва никогда не отказывалась от восстановления связей с ЕС,,Политика / Власть,ru,RU
e8aa5b6ea362,vedomosti,https://www.vedomosti.ru/politics/news/2026/03/27/1186045-brovdi-prigovorili,2026-03-27 12:47:41,Командира ВСУ Бровди заочно приговорили к пожизненному в РФ,,Политика / Международные отношения,ru,RU
41a68e58452b,vedomosti,https://www.vedomosti.ru/politics/news/2026/03/27/1186048-udaril-po-tsentru,2026-03-27 12:50:36,"Иран заявил, что ударил по крупнейшему транспортному центру ЦАХАЛ",,Политика / Международные новости,ru,RU
a51f680f8d1d,vedomosti,https://www.vedomosti.ru/economics/news/2026/03/27/1186051-rost-vvp,2026-03-27 13:00:02,"Решетников: рост ВВП в России в 2026 году будет ниже 1,3%",,Экономика,ru,RU
41df86a29f12,vedomosti,https://www.vedomosti.ru/business/news/2026/03/27/1186057-generalnim-direktorom,2026-03-27 13:15:57,Сергей Ранчин назначен генеральным директором «Микрона»,,Бизнес,ru,RU
901bf3ef1e33,vedomosti,https://www.vedomosti.ru/economics/news/2026/03/27/1186053-pochemu-krepnet-rubl,2026-03-27 13:19:26,"Решетников рассказал, почему крепнет рубль",,Экономика / Макроэкономика и бюджет,ru,RU
0be1f667190e,vedomosti,https://www.vedomosti.ru/politics/news/2026/03/27/1186069-protest-chehii,2026-03-27 13:26:00,МИД РФ выразил протест Чехии из-за нападения на «Русский дом»,,Политика / Международные отношения,ru,RU
8636c4948651,vedomosti,https://www.vedomosti.ru/politics/news/2026/03/27/1186055-ispanii-evtanaziyu,2026-03-27 13:30:47,В Испании подвергли эвтаназии 25-летнюю жертву изнасилования,,Политика / Международные новости,ru,RU
2df2512a7f4c,vedomosti,https://www.vedomosti.ru/politics/news/2026/03/27/1186071-podpis-prezidenta-banknotah,2026-03-27 13:33:29,Подпись президента впервые появится на банкнотах США,,Политика / Международные новости,ru,RU
8c4ba81f6c04,vedomosti,https://www.vedomosti.ru/business/news/2026/03/27/1186065-pribil-russnefti,2026-03-27 13:34:19,"Чистая прибыль «Русснефти» сократилась в 2,5 раза в 2025 году",,Бизнес / ТЭК,ru,RU
1a6a4df0e2c7,vedomosti,https://www.vedomosti.ru/investments/news/2026/03/27/1186054-dobicha-alrosi,2026-03-27 13:35:37,Добыча «Алросы» снизилась на 10% в 2025 году,,Инвестиции / Эмитенты,ru,RU
54683bf4bc13,vedomosti,https://www.vedomosti.ru/politics/news/2026/03/26/1186072-vens-konflikta-irane,2026-03-27 13:48:19,Axios: Вэнс может занять ключевое место в урегулировании конфликта с Ираном,,Политика / Международные новости,ru,RU
0c22436cd756,vedomosti,https://www.vedomosti.ru/investments/news/2026/03/27/1186076-pribil-transnefti,2026-03-27 13:50:47,"Чистая прибыль «Транснефти» упала на 21,4% в 2025 году",,Инвестиции / Эмитенты,ru,RU
5e3ffa119eb0,vedomosti,https://www.vedomosti.ru/society/news/2026/03/27/1186079-mosgorsud-utverdil-izyatie,2026-03-27 13:53:46,Мосгорсуд утвердил изъятие 924 млн рублей по делу о фортификациях под Белгородом,,Общество,ru,RU
af44b673a114,vedomosti,https://www.vedomosti.ru/society/news/2026/03/25/1186075-memoriala-ekstremistskoi-organizatsiei,2026-03-27 13:54:46,Верховный суд рассмотрит иск о признании «Мемориала» экстремистской организацией,,Общество,ru,RU
5dca10f08cbb,vedomosti,https://www.vedomosti.ru/society/news/2026/03/27/1186082-500-zaklyuchennih-iz-chechni,2026-03-27 13:57:23,Кадыров: более 500 заключенных из Чечни ушли на спецоперацию,,Общество,ru,RU
d8f50b3534c1,vedomosti,https://www.vedomosti.ru/politics/news/2026/03/27/1186077-mchs-iranu-medikamentov,2026-03-27 14:01:57,МЧС России передало Ирану более 300 т медикаментов,,Политика / Международные отношения,ru,RU
95f904d4b1fa,vedomosti,https://www.vedomosti.ru/politics/news/2026/03/27/1186083-tret-arsenala-irana,2026-03-27 14:02:56,Reuters: США уничтожили только треть ракетного арсенала Ирана,,Политика / Международные новости,ru,RU
f5bade36aaac,vedomosti,https://www.vedomosti.ru/society/news/2026/03/26/1186086-blogera-syutkina-feikah,2026-03-27 14:08:03,СК завершил расследование дела блогера Сюткина по статье о фейках об армии,,Общество,ru,RU
7f0525a450d5,vedomosti,https://www.vedomosti.ru/business/news/2026/03/27/1186089-v-seligdare-o-planiruemih,2026-03-27 14:17:22,В «Селигдаре» рассказали о планируемых объемах производства золота в 2026 году,,Бизнес,ru,RU
4e63be63559b,vedomosti,https://www.vedomosti.ru/politics/news/2026/03/27/1186093-poterpevshie-po-delu-epshteina,2026-03-27 14:30:08,NBC News: потерпевшие по делу Эпштейна подали в суд на администрацию США,,Политика / Международные новости,ru,RU
d3486b2b81ab,vedomosti,https://www.vedomosti.ru/politics/news/2026/03/27/1186092-rossiya-nuzhna-germanii,2026-03-27 14:35:22,Дмитриев: Россия нужна Германии для выживания,,Политика / Международные отношения,ru,RU
497c5bc72435,vedomosti,https://www.vedomosti.ru/business/news/2026/03/27/1186095-torgi-po-yugk,2026-03-27 14:40:44,Торги по продаже ЮГК могут состояться в апреле,,Бизнес,ru,RU
273f18953748,vedomosti,https://www.vedomosti.ru/politics/news/2026/03/27/1186097-indiya-zakupit-zrk,2026-03-27 14:51:45,Индия закупит у России ЗРК «Тунгуска» на сумму свыше $47 млн,,Политика / Армия и спецслужбы,ru,RU
c47c018d1731,vedomosti,https://www.vedomosti.ru/finance/news/2026/03/27/1186100-tsentrobank-ponizil-kurs,2026-03-27 14:52:09,"Центробанк понизил курс евро на 1,5 рубля",,Финансы / Банки,ru,RU
301e2fc9db24,vedomosti,https://www.vedomosti.ru/politics/news/2026/03/27/1186098-sanktsii-vneshekonombanka-dmitrieva,2026-03-27 14:53:46,США сняли санкции с экс-председателя Внешэкономбанка Дмитриева,,Политика / Международные отношения,ru,RU
1c356f19fb98,vedomosti,https://www.vedomosti.ru/politics/news/2026/03/25/1186099-slovakiya-gaza-ruminii,2026-03-27 14:58:23,Фицо: Словакия заинтересована в закупке газа из Румынии,,Политика / Международные новости,ru,RU
6e9c856e38d2,vedomosti,https://www.vedomosti.ru/politics/news/2026/03/25/1186101-velikobritaniya-pvo-ukraini,2026-03-27 15:03:29,Великобритания выделит еще $130 млн на укрепление сил ПВО Украины,,Политика / Международные новости,ru,RU
142c04074a48,vedomosti,https://www.vedomosti.ru/politics/news/2026/03/26/1186104-g7-zayavlenie-razlada-ssha,2026-03-27 15:08:46,AFP: встреча G7 может завершиться без общего заявления на фоне разлада с США,,Политика / Международные новости,ru,RU
728a9b939c27,vedomosti,https://www.vedomosti.ru/politics/news/2026/03/27/1186105-trampu-stanovitsya-skuchno,2026-03-27 15:09:17,MS NOW: Трампу становится скучно от войны в Иране,,Политика / Международные новости,ru,RU
7c2ad209fd60,vedomosti,https://www.vedomosti.ru/society/news/2026/03/27/1186109-internet-po-pasportu,2026-03-27 15:13:24,Депутаты предложили ввести вход в интернет по паспорту,,Общество,ru,RU
21e5c42f1407,vedomosti,https://www.vedomosti.ru/business/news/2026/03/26/1186111-knopki-sos-avto,2026-03-27 15:18:27,Минпромторг разрешил пока не устанавливать кнопки SOS в ввозимых авто,,Бизнес / Транспорт,ru,RU
edfda656cdbe,vedomosti,https://www.vedomosti.ru/technology/news/2026/03/27/1186114-mishustin-nazval-alisu,2026-03-27 15:24:45,Мишустин назвал Алису AI примером успешной российской разработки ИИ-модели,,Технологии / Интернет и digital,ru,RU
82d510cdae2e,vedomosti,https://www.vedomosti.ru/politics/news/2026/03/26/1186112-livanu-iranskih-diplomatov,2026-03-27 15:24:51,При ударах Израиля по Ливану погибли шесть иранских дипломатов,,Политика / Международные новости,ru,RU
6df0af8fa7f5,vedomosti,https://www.vedomosti.ru/politics/news/2026/03/27/1186113-hakeri-vzlomali,2026-03-27 15:28:47,Хакеры взломали электронную почту директора ФБР,,Политика / Международные новости,ru,RU
08f7219925bf,vedomosti,https://www.vedomosti.ru/politics/news/2026/03/27/1186121-ssha-cheloveka-lunu,2026-03-27 15:32:42,SpaceX планирует высадить человека на Луну до 2030 года,,Политика / Международные новости,ru,RU
496e12ec241c,vedomosti,https://www.vedomosti.ru/politics/news/2026/03/27/1186120-voennih-ssha-iranom,2026-03-27 15:36:46,ABC: более 300 военных США могли быть ранены в ходе войны с Ираном,,Политика / Международные новости,ru,RU
563915349b07,vedomosti,https://www.vedomosti.ru/economics/news/2026/03/27/1186125-euroclear-smyagchil-pravila,2026-03-27 15:43:59,Euroclear смягчил правила выплат по замороженным активам РФ,,Экономика / Мировая экономика,ru,RU
39cc3334470a,vedomosti,https://www.vedomosti.ru/politics/news/2026/03/27/1186133-nachalsya-vtoroi-den,2026-03-27 15:52:56,Начался второй день переговоров представителей Госдумы с США,,Политика / Международные отношения,ru,RU
685f07d5af39,vedomosti,https://www.vedomosti.ru/business/news/2026/03/24/1186128-prodazhu-prosrochennih-produktov,2026-03-27 15:55:21,Роспотребнадзор: число попыток продать просроченный товар снизилось в пять раз,,Бизнес / Торговля и услуги,ru,RU
503a8664cdc4,vedomosti,https://www.vedomosti.ru/politics/news/2026/03/26/1186131-reper-premer-ministrom-nepala,2026-03-27 16:00:22,Бывший рэпер Балендра Шах стал премьер-министром Непала,,Политика / Международные новости,ru,RU
3d5d38d6768b,vedomosti,https://www.vedomosti.ru/realty/news/2026/03/23/1186137-vtorichka-podorozhala,2026-03-27 16:17:15,"«Циан»: «вторичка» в крупных городах подорожала в I квартале года на 3,5%",,Недвижимость / Жилая недвижимость,ru,RU
3c5c746aeb0f,vedomosti,https://www.vedomosti.ru/politics/news/2026/03/26/1186140-zavodu-uranovogo-kontsentrata,2026-03-27 16:25:35,США и Израиль ударили по заводу по производству уранового концентрата в Иране,,Политика / Международные новости,ru,RU
8ae9c224c073,vedomosti,https://www.vedomosti.ru/business/news/2026/03/27/1186141-fas-proizvoditelyam-avtomasel,2026-03-27 16:33:25,ФАС после сообщений о росте цен отправила запросы производителям автомасел,,Бизнес / Торговля и услуги,ru,RU
ed1a3ec89977,vedomosti,https://www.vedomosti.ru/technology/news/2026/03/26/1186143-tseni-playstation,2026-03-27 16:39:31,Sony повысит цены на PlayStation 5 второй раз за год,,Технологии / Гаджеты и технологии,ru,RU
efc5dee83e5f,vedomosti,https://www.vedomosti.ru/politics/news/2026/03/26/1186146-putin-voisk-natsgvardii,2026-03-27 16:44:57,"Путин принял участие в торжественном вечере, посвященном Дню войск нацгвардии",,Политика / Власть,ru,RU
ba392a9cf206,vedomosti,https://www.vedomosti.ru/politics/news/2026/03/27/1186151-putin-shtandart,2026-03-27 16:59:58,Путин вручил главе Росгвардии личный штандарт,,Политика / Армия и спецслужбы,ru,RU
02b5cb9e913c,vedomosti,https://www.vedomosti.ru/business/news/2026/03/27/1186149-eksport-benzina,2026-03-27 17:02:56,Власти РФ могут ввести запрет на экспорт бензина для производителей с 1 апреля,,Бизнес / ТЭК,ru,RU
22e7a545ac7e,vedomosti,https://www.vedomosti.ru/politics/news/2026/03/27/1186148-sin-trampa-rossiyanina,2026-03-27 17:21:56,"В Британии суд вынес приговор россиянину, избившему подругу Трампа-младшего",,Политика / Международные новости,ru,RU
3b6ba780fdd2,vedomosti,https://www.vedomosti.ru/society/news/2026/03/27/1186152-reitingi-vuzov-zarplate,2026-03-27 17:28:52,Минтруд опубликовал рейтинги вузов по зарплате выпускников,,Общество,ru,RU
4c62934830d0,vedomosti,https://www.vedomosti.ru/politics/news/2026/03/27/1186157-rubio-zelenskogo-vivoda-voisk,2026-03-27 17:46:52,Рубио опроверг заявление Зеленского о требовании вывода войск из Донбасса,,Политика / Международные новости,ru,RU
d669e9d74bf8,vedomosti,https://www.vedomosti.ru/society/news/2026/03/26/1186159-rosaviatsiya-poleti-iran-izrail,2026-03-27 18:00:52,Росавиация продлила ограничения на полеты в Иран и Израиль до 17 апреля,,Общество,ru,RU
83c4ea456c11,vedomosti,https://www.vedomosti.ru/business/news/2026/03/25/1186160-novak-eksporta-benzina,2026-03-27 18:14:19,Новак поручил подготовить проект о запрете экспорта бензина с 1 апреля,,Бизнес / ТЭК,ru,RU
b5f447e3ea19,vedomosti,https://www.vedomosti.ru/media/news/2026/03/27/1186158-paramount-warner-bros,2026-03-27 18:28:56,Reuters: в отношении Paramount идет расследование после сделки с Warner Bros.,,Медиа,ru,RU
eff5e811fb12,vedomosti,https://www.vedomosti.ru/politics/news/2026/03/27/1186164-arakchi-zavodi-irana,2026-03-27 18:36:29,Аракчи: атака на заводы Ирана противоречит заявлениям Трампа о моратории,,Политика / Международные новости,ru,RU
0145ea4aabfe,vedomosti,https://www.vedomosti.ru/business/news/2026/03/25/1186165-rosaviatsiya-oae,2026-03-27 18:51:55,Росавиация продлила рекомендацию не продавать билеты в ОАЭ до 16 апреля,,Бизнес / Транспорт,ru,RU
51796e79573f,vedomosti,https://www.vedomosti.ru/politics/news/2026/03/26/1186163-ssha-oruzhiya-blizhnii-vostok,2026-03-27 19:01:32,Рубио: США могут перенаправить оружие на Ближний Восток вместо Украины,,Политика / Международные новости,ru,RU
ec72db2a068a,vedomosti,https://www.vedomosti.ru/society/news/2026/03/25/1186166-umerla-olimpiiskaya-chempionka,2026-03-27 19:30:16,Умерла первая британская олимпийская чемпионка по легкой атлетике Мэри Рэнд,,Общество,ru,RU
0082613978d0,vedomosti,https://www.vedomosti.ru/politics/news/2026/03/27/1186168-ssha-iranom-turtsii-pakistana,2026-03-27 19:42:36,Фидан: контакты между США и Ираном происходят при участии Турции и Пакистана,,Политика / Международные новости,ru,RU
2cc949c948b5,vedomosti,https://www.vedomosti.ru/politics/news/2026/03/27/1186170-sfinkse-giza,2026-03-27 19:59:23,Daily Mail: ученые заявили о возможном втором сфинксе под плато Гиза,,Политика / Международные новости,ru,RU
be8408980831,vedomosti,https://www.vedomosti.ru/business/news/2026/03/27/1186171-sephora-benefit,2026-03-27 20:14:42,"В Италии начали проверку Sephora и Benefit из-за рекламы, нацеленной на детей",,Бизнес / Торговля и услуги,ru,RU
fd5ee55fa74e,vedomosti,https://www.vedomosti.ru/politics/news/2026/03/26/1186172-52-bespilotnika,2026-03-27 20:19:53,Над регионами России сбили 52 беспилотника за три часа,,Политика / Армия и спецслужбы,ru,RU
8d02dfb7bcbf,vedomosti,https://www.vedomosti.ru/society/news/2026/03/27/1186173-oleg-shuher,2026-03-27 20:37:42,Режиссер Олег Шухер госпитализирован из здания ВГИКа в тяжелом состоянии,,Общество,ru,RU
cddc58f25fd6,vedomosti,https://www.vedomosti.ru/politics/news/2026/03/27/1186175-lavrov-arakchi,2026-03-27 20:55:25,Лавров провел телефонный разговор с иранским коллегой Аракчи,,Политика / Международные отношения,ru,RU
5c063733255b,vedomosti,https://www.vedomosti.ru/politics/news/2026/03/26/1186174-uitkoff-vstrechu-iranom,2026-03-27 21:09:09,Уиткофф: США надеются провести встречу с Ираном уже на этой неделе,,Политика / Международные новости,ru,RU
8cb1dab8e310,vedomosti,https://www.vedomosti.ru/politics/news/2026/03/26/1186177-maska-trampa-modi,2026-03-27 21:29:18,NYT узнала об участии Маска в разговоре Трампа и Моди о конфликте с Ираном,,Политика / Международные новости,ru,RU
d76d07326a4c,vedomosti,https://www.vedomosti.ru/society/news/2026/03/27/1186178-figuristku-sinitsinu-poreza,2026-03-27 21:43:24,Фигуристка Синицина получила глубокий порез коньком на шоу Навки,,Общество,ru,RU
2b7a717ed0e4,vedomosti,https://www.vedomosti.ru/society/news/2026/03/25/1186176-timur-ivanov-sdelku,2026-03-27 21:54:35,ТАСС: Тимур Иванов заключил сделку со следствием по делу о коррупции,,Общество,ru,RU
22924ce1a536,vedomosti,https://www.vedomosti.ru/politics/news/2026/03/27/1186179-husiti-konflikt-irana,2026-03-27 22:03:51,Хуситы заявили о готовности вступить в конфликт на стороне Ирана,,Политика / Международные новости,ru,RU
b84d9ddc8cf8,vedomosti,https://www.vedomosti.ru/politics/news/2026/03/28/1186182-za-noch-nad,2026-03-28 05:07:33,За ночь над Россией уничтожили более 150 БПЛА,,Политика / Армия и спецслужбы,ru,RU
fae2de4bb38d,vedomosti,https://www.vedomosti.ru/politics/news/2026/03/28/1186183-axios-rubio-kallas,2026-03-28 05:47:53,Axios: Рубио и Каллас спорили о России на встрече G7,,Политика / Международные отношения,ru,RU
35f0f0e591c5,vedomosti,https://www.vedomosti.ru/society/news/2026/03/28/1186185-v-aeroportah-kazani,2026-03-28 06:13:56,В аэропортах Казани и Нижнекамска сняли ограничения на полеты,,Общество,ru,RU
ef1081498ddb,vedomosti,https://www.vedomosti.ru/business/news/2026/03/28/1186033-rossiya-za-10-let,2026-03-28 06:19:38,Россия за 10 лет нарастила выпуск устриц и гребешков в 10 раз,,Бизнес / Торговля и услуги,ru,RU
c137edebbf7f,vedomosti,https://www.vedomosti.ru/politics/news/2026/03/28/1186184-volodin-za-god,2026-03-28 06:34:19,"Володин за год направил на благотворительность 61,4 млн рублей",,Политика / Власть,ru,RU
1b668972b781,vedomosti,https://www.vedomosti.ru/politics/news/2026/03/28/1186186-dmitriev-dialog,2026-03-28 06:50:55,"Дмитриев: диалог России и США продолжится, несмотря на противников",,Политика / Международные отношения,ru,RU
3876ba1a9266,vedomosti,https://www.vedomosti.ru/politics/news/2026/03/28/1186189-fsb-predotvratila-organizovannii,2026-03-28 07:07:28,ФСБ предотвратила организованный Киевом теракт в Ставрополе,,Политика,ru,RU
50c1f151202c,vedomosti,https://www.vedomosti.ru/politics/news/2026/03/28/1186187-wsj-defitsit-raket,2026-03-28 07:33:00,WSJ: дефицит ракет ПВО у США грозит оставить Украину без средств защиты,,Политика / Международные новости,ru,RU
9298adce73d6,vedomosti,https://www.vedomosti.ru/politics/news/2026/03/28/1186190-rudenko-moskva-primet,2026-03-28 07:37:32,Руденко: Москва примет ответные меры против Сеула в случае отправки оружия Киеву,,Политика / Международные новости,ru,RU
dfdd4313a0e0,vedomosti,https://www.vedomosti.ru/technology/news/2026/03/28/1186193-zapusk-lunnoi-missii,2026-03-28 07:46:59,Запуск лунной миссии может быть отложен из-за выброса плазмы на Солнце,,Технологии / Наукоемкие технологии,ru,RU
233c7979da13,vedomosti,https://www.vedomosti.ru/politics/news/2026/03/28/1186197-pri-atake-irana,2026-03-28 08:19:22,При атаке Ирана в Саудовской Аравии пострадали 12 военных США,,Политика / Международные новости,ru,RU
b89a6b146eda,vedomosti,https://www.vedomosti.ru/politics/news/2026/03/28/1186198-genshtab-prizivnikov-ne-budut,2026-03-28 08:25:27,Генштаб: призывников не будут отправлять на новые территории России,,Политика / Армия и спецслужбы,ru,RU
e5e3201f3645,vedomosti,https://www.vedomosti.ru/finance/news/2026/03/28/1186199-sberbank-nazval-preimuschestva,2026-03-28 08:45:59,Сбербанк назвал преимущества цифрового рубля перед криптовалютой,,Финансы / Банки,ru,RU
ce7bd9784425,vedomosti,https://www.vedomosti.ru/politics/news/2026/03/28/1186200-iran-zayavil-unichtozhenii,2026-03-28 08:48:09,Иран заявил об уничтожении самолета-заправщика на американской базе,,Политика / Международные новости,ru,RU
8b09013a11c5,vedomosti,https://www.vedomosti.ru/politics/news/2026/03/28/1186201-genshtab-hode-priziva,2026-03-28 09:01:34,Генштаб: в ходе призыва используются электронные повестки и единый реестр учета,,Политика / Армия и спецслужбы,ru,RU
d0ab583ac39c,vedomosti,https://www.vedomosti.ru/politics/news/2026/03/28/1186202-genshtab-soobschil-vipolnenii,2026-03-28 09:05:27,Генштаб сообщил о выполнении задания по призыву в армию,,Политика / Армия и спецслужбы,ru,RU
795d6d80241b,vedomosti,https://www.vedomosti.ru/politics/news/2026/03/28/1186203-husiti-atakovali,2026-03-28 09:08:07,Хуситы атаковали ракетами военные объекты Израиля на юге Палестины,,Политика / Международные новости,ru,RU
5dc331b05741,vedomosti,https://www.vedomosti.ru/politics/news/2026/03/28/1186204-merts-raskritikoval,2026-03-28 09:20:26,Мерц раскритиковал Трампа за эскалацию конфликта с Ираном,,Политика / Международные новости,ru,RU
1c525fcc643c,vedomosti,https://www.vedomosti.ru/business/news/2026/03/28/1186206-operator-severnogo-potoka-2,2026-03-28 09:22:32,Оператор «Северного потока – 2» продлил регистрацию товарного знака,,Бизнес / Торговля и услуги,ru,RU
65695a2d14de,vedomosti,https://www.vedomosti.ru/politics/news/2026/03/28/1186205-genshtab-otsrochki,2026-03-28 09:29:35,Генштаб: отсрочки от призыва в армию предоставляются весь год,,Политика / Армия и спецслужбы,ru,RU
8f8ac2d3d807,vedomosti,https://www.vedomosti.ru/politics/news/2026/03/28/1186208-posolstvo-soobschilo,2026-03-28 09:37:53,Посольство сообщило о вывозе 164 сотрудников «Росатома» из Ирана,,Политика / Международные отношения,ru,RU
670a723235aa,vedomosti,https://www.vedomosti.ru/technology/news/2026/03/28/1186212-na-kosmodrome-vostochnii,2026-03-28 09:56:35,На космодроме Восточный в 2026 году появится третий стартовый стол,,Технологии / Наукоемкие технологии,ru,RU
e0bee76c06f4,vedomosti,https://www.vedomosti.ru/politics/news/2026/03/28/1186210-ataka-bespilotnikov-povredila,2026-03-28 09:57:52,Атака беспилотников повредила радиолокационную систему аэропорта Кувейта,,Политика / Международные новости,ru,RU
fe5e0c2ef72e,vedomosti,https://www.vedomosti.ru/society/news/2026/03/28/1186211-umer-rezhisser-shuher,2026-03-28 09:58:54,Умер режиссер Олег Шухер,,Общество,ru,RU
4e126c678064,vedomosti,https://www.vedomosti.ru/politics/news/2026/03/28/1186214-zelenskii-vstretilsya,2026-03-28 10:13:52,Зеленский встретился с президентом ОАЭ,,Политика / Международные новости,ru,RU
44d3bbb5f53b,vedomosti,https://www.vedomosti.ru/politics/news/2026/03/28/1186216-tramp-rassmatrivaet-pereimenovanie,2026-03-28 10:15:30,Трамп рассматривает переименование Ормузского пролива в свою честь,,Политика / Международные новости,ru,RU
a28bf36a8591,vedomosti,https://www.vedomosti.ru/politics/news/2026/03/28/1186218-vs-rf-vzyali-pod-kontrol,2026-03-28 10:22:04,ВС РФ взяли под контроль Брусовку в ДНР,,Политика / Армия и спецслужбы,ru,RU
147c159cbe98,vedomosti,https://www.vedomosti.ru/politics/news/2026/03/28/1186220-bivshii-premer-nepala,2026-03-28 10:59:23,Бывший премьер Непала арестован по делу о гибели протестующих,,Политика / Международные новости,ru,RU
76a377978a40,vedomosti,https://www.vedomosti.ru/politics/news/2026/03/28/1186221-ksir-zayavil-unichtozhenii,2026-03-28 11:18:11,КСИР заявил об уничтожении в Дубае склада украинских противодронных систем,,Политика / Международные новости,ru,RU
12bd8f116df9,vedomosti,https://www.vedomosti.ru/politics/news/2026/03/28/1186222-sistemi-pvo-likvidirovali,2026-03-28 11:19:25,Системы ПВО ликвидировали за сутки 385 беспилотников,,Политика / Армия и спецслужбы,ru,RU
163f2127ea40,vedomosti,https://www.vedomosti.ru/investments/news/2026/03/28/1186225-putin-peredal-aktsii,2026-03-28 11:41:23,Путин передал акции издательства «Музыка» фонду «Талант и успех»,,Инвестиции,ru,RU
7058b60f3fe6,vedomosti,https://www.vedomosti.ru/business/news/2026/03/28/1186229-aeroekspresse-sheremetevo,2026-03-28 12:15:18,Поездка на «Аэроэкспрессе» до аэропорта «Шереметьево» сократится на пять минут,,Бизнес / Транспорт,ru,RU
b9c57e0b1bb6,vedomosti,https://www.vedomosti.ru/politics/news/2026/03/28/1186230-zaharova-ataki-atomnih-obektov,2026-03-28 12:33:10,Захарова призвала мировое сообщество осудить атаки на атомные объекты в Иране,,Политика / Международные отношения,ru,RU
47003c6e688f,vedomosti,https://www.vedomosti.ru/politics/news/2026/03/28/1186231-sirii-baza,2026-03-28 12:38:56,Армия Сирии заявила об атаке БПЛА на базу Эт-Танф со стороны Ирака,,Политика / Международные новости,ru,RU
06a3d0e099b0,vedomosti,https://www.vedomosti.ru/society/news/2026/03/27/1186233-dzheims-tolkan,2026-03-28 12:48:21,Умер актер из фильма «Назад в будущее» Джеймс Толкан,,Общество,ru,RU
64d9618eff47,vedomosti,https://www.vedomosti.ru/society/news/2026/03/28/1186232-air-serbia-belgrada-sankt-peterburga,2026-03-28 12:59:39,Пассажиры Air Serbia два дня не могут добраться до Петербурга,,Общество,ru,RU
f2399fe9a403,vedomosti,https://www.vedomosti.ru/politics/news/2026/03/28/1186235-sotrudnikov-busher,2026-03-28 13:10:58,Лихачев: еще две группы сотрудников покинут АЭС «Бушер» в ближайшие дни,,Политика / Международные отношения,ru,RU
9139a04abb26,vedomosti,https://www.vedomosti.ru/politics/news/2026/03/26/1186237-katar-ukraina-oboroni,2026-03-28 13:16:39,Катар и Украина подписали соглашение о сотрудничестве в сфере обороны,,Политика / Международные новости,ru,RU
1728ba115f68,vedomosti,https://www.vedomosti.ru/politics/news/2026/03/26/1186234-lihachev-aes-busher,2026-03-28 13:26:57,«Росатом» сообщил о новом ударе по АЭС «Бушер»,,Политика,ru,RU
8272b57f4211,vedomosti,https://www.vedomosti.ru/politics/news/2026/03/27/1186241-maersk-portu-omana,2026-03-28 13:41:46,Maersk приостановила операции в порту Омана из-за беспилотной атаки,,Политика / Международные новости,ru,RU
baffda2eaf94,vedomosti,https://www.vedomosti.ru/politics/news/2026/03/26/1186242-vitse-mera-sochi-strazhu,2026-03-28 14:00:08,Вице-мэра Сочи Горобца подозревают в махинациях с землей на 400 млн рублей,,Политика / Власть,ru,RU
ecd46fbe1f46,vedomosti,https://www.vedomosti.ru/politics/news/2026/03/27/1186243-gorbatii-kit-melkovode,2026-03-28 14:08:59,Спасенный накануне горбатый кит снова застрял на мелководье в Балтийском море,,Политика / Международные новости,ru,RU
de3b72f80526,vedomosti,https://www.vedomosti.ru/society/news/2026/03/28/1186246-edinaya-rossiya-opershtab,2026-03-28 14:16:15,«Единая Россия» развернула оперштаб для помощи пострадавшим при ЧС в Дагестане,,Общество,ru,RU
04c91aff5b5d,vedomosti,https://www.vedomosti.ru/politics/news/2026/03/27/1186247-tramp-printse-saudovskoi-aravii,2026-03-28 14:21:44,"Трамп: принц Саудовской Аравии считал меня неудачником, а теперь вежлив",,Политика / Международные новости,ru,RU
ebbfebe7a5d2,vedomosti,https://www.vedomosti.ru/politics/news/2026/03/27/1186244-berns-kitai-partnerom,2026-03-28 14:29:48,Экс-посол США в КНР: Китай оказался ненадежным партнером для Ирана и Венесуэлы,,Политика / Международные новости,ru,RU
3108e6c878d9,vedomosti,https://www.vedomosti.ru/politics/news/2026/03/28/1186249-pohitili-kitkat,2026-03-28 14:34:49,В Евросоюзе похитили грузовик с 12 тоннами батончиков KitKat,,Политика / Международные новости,ru,RU
3aaa1b428ac3,vedomosti,https://www.vedomosti.ru/society/news/2026/03/24/1186252-student-mgtu-baumana,2026-03-28 15:11:14,Студент МГТУ имени Баумана выжил после падения с 11-го этажа,,Общество,ru,RU
fd103ad814e0,vedomosti,https://www.vedomosti.ru/politics/news/2026/03/27/1186253-rheinmetall-proizvoditelei-dronov-domohozyaikami,2026-03-28 15:14:53,Глава Rheinmetall сравнил украинских производителей дронов с домохозяйками,,Политика / Международные новости,ru,RU
2e53cfab69eb,vedomosti,https://www.vedomosti.ru/politics/news/2026/03/25/1186245-tramp-beskonechnoi-voini,2026-03-28 15:24:05,Reuters: Трамп пытается избежать «бесконечной войны» с Ираном,,Политика / Международные новости,ru,RU
8b3a2128135e,vedomosti,https://www.vedomosti.ru/politics/news/2026/03/27/1186254-saudovtsi-prokachku-nefti,2026-03-28 15:35:34,Bloomberg: саудовцы нарастили прокачку нефти в обход Ормуза до максимума,,Политика / Международные новости,ru,RU
439e3e28c893,vedomosti,https://www.vedomosti.ru/society/news/2026/03/26/1186255-temperatura-klimaticheskuyu-normu,2026-03-28 15:45:33,Температура в Московском регионе в начале апреля превысит климатическую норму,,Общество,ru,RU
73f3ff8080de,vedomosti,https://www.vedomosti.ru/politics/news/2026/03/27/1186256-zhurnalistov-pogibli-livane,2026-03-28 15:58:35,"При ударе Израиля по Ливану погибла журналистка, сотрудничавшая с «Известиями»",,Политика / Международные новости,ru,RU
2f9123b128ea,vedomosti,https://www.vedomosti.ru/politics/news/2026/03/27/1186258-parizhe-terakt-bank,2026-03-28 16:03:40,Подросток пытался взорвать офис Bank of America в Париже,,Политика / Международные новости,ru,RU
0086b52f0d36,vedomosti,https://www.vedomosti.ru/politics/news/2026/03/28/1186257-emirates-global-aluminium,2026-03-28 16:22:10,При иранском ударе по Абу-Даби пострадали сотрудники Emirates Global Aluminium,,Политика / Международные новости,ru,RU
d838e42941ed,vedomosti,https://www.vedomosti.ru/politics/news/2026/03/28/1186260-ilya-malinin-chempionata,2026-03-28 16:26:39,Фигурист Илья Малинин завоевал золото чемпионата мира,,Политика / Международные новости,ru,RU
30b119413100,vedomosti,https://www.vedomosti.ru/politics/news/2026/03/27/1186251-zelenskii-rubio-trebovaniyah-ssha,2026-03-28 16:35:06,Зеленский отверг обвинения Рубио во лжи о требованиях США,,Политика / Международные новости,ru,RU
9e647101e8e2,vedomosti,https://www.vedomosti.ru/politics/news/2026/03/28/1186262-pehotoi-blizhnii-vostok,2026-03-28 16:40:01,Корабль ВМС США с морской пехотой прибыл на Ближний Восток,,Политика / Международные новости,ru,RU
5976fac002af,vedomosti,https://www.vedomosti.ru/business/news/2026/03/26/1186263-zakona-piva-stadioni,2026-03-28 17:11:42,Минздрав заблокировал принятие закона о возвращении пива на стадионы,,Бизнес / Торговля и услуги,ru,RU
e9b149b68ff2,vedomosti,https://www.vedomosti.ru/politics/news/2026/03/27/1186264-minimalnii-vozrast-armii,2026-03-28 17:30:17,В Иране снизили минимальный возраст для службы в армии до 12 лет,,Политика / Международные новости,ru,RU
eebe43ca5db0,vedomosti,https://www.vedomosti.ru/politics/news/2026/03/27/1186267-26-ukrainskih-dronov,2026-03-28 17:47:09,Силы ПВО сбили 26 украинских дронов над регионами РФ,,Политика / Армия и спецслужбы,ru,RU
ec12fc528763,vedomosti,https://www.vedomosti.ru/society/news/2026/03/28/1186268-oksimirona-rozisk,2026-03-28 18:20:06,Рэпера Оксимирона переобъявили в розыск в России,,Общество,ru,RU
c20ed4912040,vedomosti,https://www.vedomosti.ru/society/news/2026/03/28/1186269-manyak-gaskov,2026-03-28 18:40:09,"Маньяк Гаськов заявил, что совершил более сотни убийств",,Общество,ru,RU
12332ccae626,vedomosti,https://www.vedomosti.ru/politics/news/2026/03/28/1186271-fitso-sanktsii,2026-03-28 19:15:07,Фицо: Словакия заблокирует новые санкции против РФ из-за ситуации с нефтью,,Политика / Международные отношения,ru,RU
18998f2d03de,vedomosti,https://www.vedomosti.ru/politics/news/2026/03/27/1186272-udare-saudovskoi-aravii,2026-03-28 19:41:38,WSJ: при ударе Ирана по авиабазе США поврежден самолет E-3 Sentry,,Политика / Международные новости,ru,RU
41eccee0fb8d,vedomosti,https://www.vedomosti.ru/politics/news/2026/03/27/1186273-rosaviatsiya-aeroporta-volgograda,2026-03-28 19:50:31,Росавиация ограничила работу аэропорта Волгограда,,Политика / Армия и спецслужбы,ru,RU
764c8be8b715,vedomosti,https://www.vedomosti.ru/politics/news/2026/03/28/1186274-dmitriev-energokrizis,2026-03-28 20:14:09,"Дмитриев: ЕС долго осознает энергокризис, будто нажал «отложить» на будильнике",,Политика / Международные отношения,ru,RU
5384fbd7b717,vedomosti,https://www.vedomosti.ru/politics/news/2026/03/25/1186275-rossiiskimi-deputatami-vashingtona,2026-03-28 20:41:42,Самолет с российскими депутатами вылетел из аэропорта Вашингтона,,Политика / Международные отношения,ru,RU
ad874fb9f5fa,vedomosti,https://www.vedomosti.ru/politics/news/2026/03/29/1186278-chislo-sbitih,2026-03-29 04:15:58,Число сбитых над Ленобластью беспилотников достигло 31,,Политика / Армия и спецслужбы,ru,RU
5940e2eb7722,vedomosti,https://www.vedomosti.ru/politics/news/2026/03/29/1186279-mid-rf-zayavili,2026-03-29 04:24:16,В МИД РФ заявили об активизации «охоты» американских спецслужб за россиянами,,Политика / Международные отношения,ru,RU
dbdf29075f2d,vedomosti,https://www.vedomosti.ru/politics/news/2026/03/29/1186280-peskov-nazval-vazhnimi,2026-03-29 04:38:12,Песков назвал важными даже «робкие» попытки восстановить отношения России и США,,Политика / Международные отношения,ru,RU
7568dcd1300a,vedomosti,https://www.vedomosti.ru/politics/news/2026/03/29/1186281-sili-pvo-za-noch,2026-03-29 04:45:04,Силы ПВО за ночь уничтожили 203 украинских беспилотника над регионами России,,Политика / Армия и спецслужбы,ru,RU
45c628b65375,vedomosti,https://www.vedomosti.ru/politics/news/2026/03/29/1186282-wp-pentagon,2026-03-29 04:52:41,WP: Пентагон готовит недельные рейды в Иране,,Политика / Международные новости,ru,RU
ba024f6cb32d,vedomosti,https://www.vedomosti.ru/politics/news/2026/03/29/1186283-britanskom-derbi,2026-03-29 05:02:52,"В британском Дерби автомобиль въехал в толпу, есть пострадавшие",,Политика / Международные новости,ru,RU
d1b49b5c5628,vedomosti,https://www.vedomosti.ru/politics/news/2026/03/29/1186284-berliner-zeitung,2026-03-29 05:09:52,Berliner Zeitung: Украина не соответствует ожиданиям в качестве кандидата в ЕС,,Политика / Международные отношения,ru,RU
ea3492d6a0f2,vedomosti,https://www.vedomosti.ru/politics/news/2026/03/29/1186285-peskov-zayavil,2026-03-29 05:17:10,Песков заявил о готовности России к углублению отношений с США,,Политика / Международные отношения,ru,RU
e305ff529b4c,vedomosti,https://www.vedomosti.ru/politics/news/2026/03/29/1186286-nahodyaschiisya-pod-strazhei,2026-03-29 05:28:54,Находящийся под стражей в США Мадуро поблагодарил сторонников за поддержку,,Политика / Международные новости,ru,RU
aa0fb29a52db,vedomosti,https://www.vedomosti.ru/politics/news/2026/03/29/1186288-kongressvumen-luna,2026-03-29 06:02:22,Конгрессвумен Луна раскритиковала коллег за осуждение контактов с депутатами РФ,,Политика / Международные отношения,ru,RU
a95417858364,vedomosti,https://www.vedomosti.ru/politics/news/2026/03/29/1186289-dmitriev-sironiziroval,2026-03-29 06:23:19,Дмитриев сыронизировал в адрес Каллас из-за ее перепалки с Рубио по России,,Политика / Международные отношения,ru,RU
0f6abebbf6f1,vedomosti,https://www.vedomosti.ru/politics/news/2026/03/29/1186290-putin-rossiya-otkrita,2026-03-29 06:39:37,Путин: Россия открыта к проведению летних и зимних Олимпийских игр,,Политика / Международные отношения,ru,RU
a8b42dad1af4,vedomosti,https://www.vedomosti.ru/politics/news/2026/03/29/1186292-telegraph-konflikt,2026-03-29 07:01:09,Telegraph: конфликт в Иране грозит кризисом на рынке удобрений,,Политика / Международные новости,ru,RU
7556a589929a,vedomosti,https://www.vedomosti.ru/politics/news/2026/03/29/1186298-na-podlete,2026-03-29 07:22:35,На подлете к Москве сбили шесть беспилотников,,Политика / Армия и спецслужбы,ru,RU
6b06319f1385,vedomosti,https://www.vedomosti.ru/politics/news/2026/03/29/1186299-gosdume-predlozhili,2026-03-29 07:37:04,В Госдуме предложили проработать самозапрет на компьютерные игры,,Политика / Власть,ru,RU
cc451ccabc8f,vedomosti,https://www.vedomosti.ru/society/news/2026/03/29/1186300-tishkovets-snezhnii,2026-03-29 07:48:30,Тишковец: снежный покров в Москве и Подмосковье исчезнет с началом апреля,,Общество,ru,RU
e4288e560f5e,vedomosti,https://www.vedomosti.ru/politics/news/2026/03/29/1186301-vitse-mera-chelyabinska,2026-03-29 08:04:44,Вице-мэра Челябинска Александра Астахова заключили под стражу,,Политика / Власть,ru,RU
a4308aaf7a01,vedomosti,https://www.vedomosti.ru/technology/news/2026/03/29/1186302-uchenie-sozdali,2026-03-29 08:23:14,Ученые создали цифровую копию мозга насекомого,,Технологии / Наукоемкие технологии,ru,RU
7c97b43775be,vedomosti,https://www.vedomosti.ru/politics/news/2026/03/29/1186306-peskov-nazval,2026-03-29 08:46:13,Песков назвал «Совет мира» Трампа неактуальным из-за войны в Иране,,Политика / Международные отношения,ru,RU
cd5f912db7c0,vedomosti,https://www.vedomosti.ru/business/news/2026/03/29/1186307-pulkovo-soobschili,2026-03-29 08:56:43,В «Пулково» сообщили о задержках 25 рейсов из-за ограничений на вылеты,,Бизнес / Транспорт,ru,RU
d858c26996b8,vedomosti,https://www.vedomosti.ru/politics/news/2026/03/29/1186308-the-guardian-vens,2026-03-29 09:21:22,Reuters: Вэнс стал главным претендентом на выдвижение в президенты США,,Политика / Международные новости,ru,RU
0d6529820bc6,vedomosti,https://www.vedomosti.ru/technology/news/2026/03/29/1186310-v-spch-zayavili,2026-03-29 09:22:35,В СПЧ заявили о высокой вероятности возобновления работы Telegram в России,,Технологии / Интернет и digital,ru,RU
2dbcc83596a6,vedomosti,https://www.vedomosti.ru/politics/news/2026/03/29/1186311-peskov-nazval,2026-03-29 09:33:31,Песков назвал атаку США на Иран губительной для всего мира,,Политика / Международные новости,ru,RU
56a7a2f2cb46,vedomosti,https://www.vedomosti.ru/politics/news/2026/03/29/1186312-galibaf-ssha-govoryat,2026-03-29 09:35:42,"Галибаф: США говорят о переговорах, но тайно планируют наземное наступление",,Политика / Международные отношения,ru,RU
2a57dddf6207,vedomosti,https://www.vedomosti.ru/politics/news/2026/03/29/1186313-vs-rf-vzyali-pod,2026-03-29 09:41:45,ВС РФ взяли под контроль поселок Ковшаровка в Харьковской области,,Политика / Армия и спецслужбы,ru,RU
0285a55e237f,vedomosti,https://www.vedomosti.ru/politics/news/2026/03/29/1186314-tehran-times-oae,2026-03-29 10:00:45,Tehran Times: ОАЭ аннулировали ВНЖ для всех граждан Ирана,,Политика / Международные новости,ru,RU
6f4c84779cc9,vedomosti,https://www.vedomosti.ru/politics/news/2026/03/29/1186315-ksir-zayavil,2026-03-29 10:07:34,КСИР заявил об уничтожении самолета-разведчика E-3 ВС США в Саудовской Аравии,,Политика / Международные новости,ru,RU
d4f6ba8d19e9,vedomosti,https://www.vedomosti.ru/politics/news/2026/03/29/1186317-kndr-provela,2026-03-29 10:36:55,"КНДР провела испытание двигателя ракеты, способной достичь США",,Политика / Международные новости,ru,RU
85a7c44a4506,vedomosti,https://www.vedomosti.ru/politics/news/2026/03/29/1186318-ushakov-rf-ispolzuet,2026-03-29 10:50:02,"Ушаков: РФ использует принцип «доверяй, но проверяй» с зарубежными партнерами",,Политика / Международные отношения,ru,RU
f53700e72a44,vedomosti,https://www.vedomosti.ru/society/news/2026/03/29/1186319-kazahstane-umer-veteran,2026-03-29 11:16:53,"В Казахстане умер ветеран, конвоировавший Паулюса после Сталинградской битвы",,Общество,ru,RU
135e14bf3996,vedomosti,https://www.vedomosti.ru/politics/news/2026/03/29/1186320-ushakov-rasskazal,2026-03-29 11:18:16,Ушаков рассказал об «интересных» предложениях по Украине,,Политика / Международные отношения,ru,RU
4d4b757756e7,vedomosti,https://www.vedomosti.ru/politics/news/2026/03/29/1186322-vooruzhennie-sili-rossii,2026-03-29 11:31:10,Вооруженные силы России нанесли удар по складу ракетного вооружения «Фламинго»,,Политика / Армия и спецслужбы,ru,RU
a5656e912972,vedomosti,https://www.vedomosti.ru/politics/news/2026/03/29/1186321-pri-udare-izrailya,2026-03-29 11:37:28,При ударе Израиля пострадал офис катарского канала Al Araby в Иране,,Политика / Международные новости,ru,RU
93a4485b4b53,vedomosti,https://www.vedomosti.ru/politics/news/2026/03/29/1186324-dmitriev-evropu,2026-03-29 11:46:38,Дмитриев: Европу ждут энергетические локдауны,,Политика / Власть,ru,RU
d5db931144ac,vedomosti,https://www.vedomosti.ru/technology/news/2026/03/29/1186327-moshenniki-vnedryayut,2026-03-29 11:59:31,Мошенники внедряют вирусы под видом приложений для оплаты ЖКХ,,Технологии / Интернет и digital,ru,RU
6838e442ac0b,vedomosti,https://www.vedomosti.ru/politics/news/2026/03/29/1186328-putin-na-sleduyuschei-nedele,2026-03-29 12:01:09,Путин на следующей неделе продолжит международные контакты,,Политика / Власть,ru,RU
979c1b5098b3,vedomosti,https://www.vedomosti.ru/politics/news/2026/03/29/1186329-mihalkov-naschet-efremova,2026-03-29 12:24:09,Михалков: Путин сомневался насчет возвращения Ефремова на сцену,,Политика / Власть,ru,RU
021e86e6b216,vedomosti,https://www.vedomosti.ru/politics/news/2026/03/29/1186331-v-yuar-ubili-gruzdya,2026-03-29 12:37:04,В ЮАР похитили и убили эксперта по связям Африки и РФ Стивена Груздя,,Политика / Международные отношения,ru,RU
992beeb8956e,vedomosti,https://www.vedomosti.ru/politics/news/2026/03/29/1186332-padenii-ukrainskih-bespilotnikov,2026-03-29 12:46:05,Премьер Финляндии сообщил о падении в стране украинских беспилотников,,Политика / Международные новости,ru,RU
bd6588ea11ca,vedomosti,https://www.vedomosti.ru/politics/news/2026/03/29/1186333-iran-atakoval-bazu-ssha,2026-03-29 12:51:45,Иран атаковал беспилотниками военную базу США в Иордании,,Политика / Международные новости,ru,RU
de2e04a3a8d1,vedomosti,https://www.vedomosti.ru/politics/news/2026/03/29/1186336-posla-izrailya-vizvali,2026-03-29 13:11:08,Посла Израиля вызвали в МИД Италии из-за закрытия входа в храм Гроба Господня,,Политика / Международные новости,ru,RU
71ef78b017ce,vedomosti,https://www.vedomosti.ru/politics/news/2026/03/29/1186335-dopustili-perezahoronenie-banderi,2026-03-29 13:20:21,На Украине допустили перезахоронение Степана Бандеры,,Политика / Международные новости,ru,RU
02607797c72b,vedomosti,https://www.vedomosti.ru/business/news/2026/03/29/1186338-vosstanovlenie-spg-zavoda,2026-03-29 13:33:39,Восстановление СПГ-завода Chevron в Австралии займет несколько недель,,Бизнес / ТЭК,ru,RU
a6dbd0a38b8b,vedomosti,https://www.vedomosti.ru/politics/news/2026/03/29/1186339-v-pakistane-peregovori,2026-03-29 13:58:57,В Пакистане начались четырехсторонние переговоры по деэскалации войны в Иране,,Политика / Международные новости,ru,RU
09d337be86c4,vedomosti,https://www.vedomosti.ru/politics/news/2026/03/29/1186341-voina-v-irane,2026-03-29 14:07:42,Bloomberg: война в Иране подорвала доверие к лидерам США,,Политика / Международные новости,ru,RU
32de9e6685ae,vedomosti,https://www.vedomosti.ru/politics/news/2026/03/29/1186340-govoruhin-mog-stat,2026-03-29 14:23:15,Путин: Говорухин мог стать хорошим президентом России,,Политика / Власть,ru,RU
635e702e6ed9,vedomosti,https://www.vedomosti.ru/politics/news/2026/03/29/1186344-pashinyan-potasovki,2026-03-29 14:33:25,Пашинян стал участником потасовки в армянском храме,,Политика / Международные новости,ru,RU
1bc41778e995,vedomosti,https://www.vedomosti.ru/politics/news/2026/03/29/1186345-iran-atakoval-hranilischa,2026-03-29 14:36:02,Иран атаковал хранилища химических веществ возле Беэр-Шевы в Израиле,,Политика / Международные новости,ru,RU
